Budget,Mean Estimate,Std Dev,Ground Truth
500,6948.0,227.29325159850697,7068
1000,7069.0,128.53447440710636,7068
2000,7091.0,116.37582795981893,7068
5000,7041.0,46.8401537145215,7068
