Budget,Mean Estimate,Std Dev,Ground Truth
200,3597.5,116.9342170244069,3547
500,3571.0,102.24697767877763,3547
1000,3570.0,30.368111930480996,3547
2000,3536.0,39.672268512008216,3547
