epoch,avg_d_loss,avg_g_loss,avg_d_real_prob,avg_d_fake_prob
1,0.7045583139117967,2.45991920431455,0.7474148600147321,0.15297799500732276
